term ,acronym,definition,reference,alternative_definition,reference_alternative_definition,status,comment,glossary_reporting,glossary_observers,glossary_TRUEs,glossary_compliance,glossary_science,glossary_mse,glossary_EM,glossary_LL,glossary_PS,glossary_PL,glossary_GN
Accommodation,,Accommodation is the area or deck where the crew sleep and ablutions are situated,Observer Manual 2019,,,,It is a basic definition from the observer manual but I think it is sufficient,,TRUE,,,,,,,,,
Age-length (age-length key or curve),,Relationship between age and length,IOTC science glossary,,,,https://iotc.org/sites/default/files/documents/science/IOTC%20Glossary%20of%20terms%20SCIENCE.pdf,,,,,,,,,,,
Age-structured assessment,,Assessment of the status of a fish stock based on the relative abundances of fish of different ages in the stock,IOTC science glossary,,,,https://iotc.org/sites/default/files/documents/science/IOTC%20Glossary%20of%20terms%20SCIENCE.pdf,,,,,,,,,,,
Aggregation,,"Group of fish that comes together, often to feed or spawn.",IOTC science glossary,,,,https://iotc.org/sites/default/files/documents/science/IOTC%20Glossary%20of%20terms%20SCIENCE.pdf,,,,,,,,,,,
Anchor,,a device usually of metal attached to a ship or boat by a cable and cast overboard to hold it in a particular place by means of a fluke that digs into the bottom,Mirriam Webster Definition,,,,,,TRUE,,,,,,,,,
Anchored fish aggregating device,AFAD,A device tethered to the bottom of the ocean usually consisting of a buoy-and anchored to the bottom of the ocean,IOTC Resolution 23/01,Device that is anchored or otherwise attached to the seabed and is used for attracting and concentrating fish for the purpose of capture by a fishing gear, FAO terminology portal,,second definition is better - the first is IOTC-made. Science glossary also has a simpler definition. ,TRUE,TRUE,TRUE,TRUE,TRUE,TRUE,TRUE,,TRUE,TRUE,
Ancillary logs,,Data records from the EM system that are supplemental to the EM Records such as a record of changes in system configurations and settings and a summary of system health checks performed,EM standards workshop (Murua et al. 2025) - Workshop standards - WCPFC,,,,,TRUE,TRUE,TRUE,TRUE,TRUE,TRUE,TRUE,,,,
Aquascope,,"A device that allows looking underwater from the surface, made of a cylinder or a cone, closed at both ends by a glass. Also called a bathyscope",IOTC ROS data standards,,,,,TRUE,TRUE,TRUE,TRUE,TRUE,TRUE,TRUE,TRUE,TRUE,TRUE,TRUE
Archival tagging,," Implanted fish tag that detects and records ('archives') environmental variables (e.g. water temperature)
and location over time.",IOTC science glossary,,,,,,,,,,,,,,,
Areas beyond national jurisdiction,ABNJ,Commonly called the high seas- are those areas of ocean for which no one nation has sole responsibility for management,FAO terminology portal,,,,"also looked at UN definitions, but this one was the best option",TRUE,TRUE,TRUE,TRUE,TRUE,TRUE,TRUE,TRUE,TRUE,TRUE,TRUE
Artificial Intelligence,AI,A machine-based system that can - for a given set of human- defined objectives -  make predictions - recommendations or decisions influencing real or virtual environments. Artificial intelligence systems use machine and human-based inputs to (A) perceive real and virtual environments; (B) abstract such perceptions into models through analysis in an automated matter; and (C) use model inference to formulate options for information or action,Murua 2025 EM workshop- WPCFC,,,,"this is an EM term, but the definition is not necessarily specific to EM - Happy with the definition",TRUE,TRUE,TRUE,TRUE,TRUE,TRUE,TRUE,,,,
Artisanal fishery,,"Traditional fishery that involves fishing households (as opposed to commercial companies) - using relatively small amounts of capital and energy - relatively small fishing vessels (if any) - making short fishing trips close to shore - mainly for local consumption. In practice - definition varies between countries - e.g. from gleaning or a one-man canoe in poor developing countries - to more than 20 m trawlers - seiners or longliners in developed ones. Artisanal fisheries can be subsistence or commercial fisheries, providing for local consumption or export. They are sometimes referred to as small-scale fisheries",https://www.fao.org/documents/card/en/c/ae76ef51-be20-5e71-aec5-b469e5e0a673,Fishery composed of fishing vessels of less than 24 m length overall that exclusively operate in the exclusive economic zone of their flag state,tbd,,,TRUE,TRUE,TRUE,TRUE,TRUE,TRUE,,,,,TRUE
Artisanal fishing vessel,,Fishing vessel less than 24 m in length overall operating inside the exclusive economic zone of a flag State and catching tuna or tuna-like species in the IOTC area of competence. Synonym to coastal fishing vessel,Guidelines for the reporting of fishery statistics to the IOTC,,,,,TRUE,TRUE,TRUE,TRUE,TRUE,TRUE,,,,,TRUE
Associated school,,"The fish school is associated with a topographic structure (e.g., seamount), an anchored or a drifting floating object, including man-made rafts such as fish aggregating devices and live animals in motion (e.g., whale sharks, cetaceans)",Guidelines for the reporting of fishery statistics to the IOTC,,,,,TRUE,TRUE,TRUE,TRUE,TRUE,TRUE,TRUE,TRUE,TRUE,TRUE,TRUE
Astronomical Twilight,,"The period before sunrise or after sunset when the centre of the Sun is 18° below the horizon, marking the limit of twilight before full darkness or daylight",Based on U.S. Naval Observatory's Astronomical Almanac glossary,,,,"unnecessary definition? From the observer manual, but we will be removing this type of info",TRUE,TRUE,TRUE,TRUE,TRUE,TRUE,,,,,
At-surface setting,,The gear is deployed at the surface of the water,data catalogue gear code lists,,,,,TRUE,TRUE,TRUE,TRUE,TRUE,TRUE,,TRUE,TRUE,TRUE,TRUE
Authorised vessel,,"Any vessel that is: a) 24 meters in length overall or above; or b) in the case of vessels less than 24 meters in length overall, those operating outside areas under the national jurisdiction of the flag State, and is authorised by the flag State to fish for tuna and tuna-like species or to carry out fishing related activities in the IOTC Area of Competence",IOTC definition,,,,,TRUE,TRUE,TRUE,TRUE,TRUE,TRUE,TRUE,TRUE,TRUE,TRUE,TRUE
Auto pilot,,An automatic steering system that maintains a vessel on a predetermined heading or course without continuous manual control,IMO International Maritime Dictionary,,,,,TRUE,TRUE,TRUE,TRUE,TRUE,TRUE,TRUE,,,,
Automatic Identification System,AIS,"A maritime communication and identification system that automatically transmits and receives information, including a vessel's identity, position, course, speed and other navigational information, between equipped vessels and shore-based stations",International Maritime Organization (IMO Safety of Navigation),,,,,TRUE,TRUE,TRUE,,,,,,,,
Autonomous adjustment,,"An ongoing structural adjustment process that occurs in all fisheries. As technologies and prices
change, the characteristics of the fishing fleet required to maximise the net value from the fishery will also change and, as a result,
fishery fleet behaviour has a tendency to change in line with market signals. The primary role for government in structural
adjustment is to establish a management regime that removes any incentives that lead to over-capacity, and that facilitates
autonomous adjustment to occur in response to changing economic and biological conditions.",IOTC science glossary,,,,,,,,,,,,,,,
B (biomass),,Total weight of a stock or a component of a stock,IOTC science glossary,,,,,,,,,,,,,,,
Bait casting,,The process of manually or mechanically throwing or placing baited hooks into the water during the setting of fishing gear,FAO technical fisheries terminology,,,,,TRUE,TRUE,TRUE,TRUE,TRUE,TRUE,,,,,
Beach price,,"A price per unit of fish that excludes payments for freight, marketing and processing, as would be paid at the point
of landing. Usually expressed as the weight of the fish when whole.",IOTC science glossary,,,,,,,,,,,,,,,
Beach seine,,"A seine net operated from the shore, in which the net is set from a boat or by wading and then hauled back to the beach to encircle and capture fish",FAO terminology portal,,,,,TRUE,TRUE,TRUE,TRUE,TRUE,TRUE,,,,,
Benthic,,Associated with the bottom of a water body,IOTC science glossary,,,,,,,,,,,,,,,
Beverton-Holt,,Mathematical function that describes the relationship between stock size and recruitment,IOTC science glossary,,,,,,,,,,,,,,,
Bilges,,The lower internal part of a vessel's hull where water and other liquids collect and are removed by the bilge pumping system,IMO terminology,,,,,,TRUE,,,,,,,,,
BLIM (biomass limit reference point),,The point beyond which the risk to the stock is regarded as unacceptably high.,IOTC science glossary,,,,,,,,,,,,,,,
BMEY (biomass at maximum economic yield),,Average biomass corresponding to maximum economic yield.,IOTC science glossary,,,,,,,,,,,,,,,
BMSY (biomass at maximum sustainable yield),,Average biomass corresponding to maximum sustainable yield,IOTC science glossary,,,,,,,,,,,,,,,
BTARG (target biomass),,The desired biomass of the stock,IOTC science glossary,,,,,,,,,,,,,,,
B0 (mean equilibrium unfished biomass),,Average biomass level if fishing had not occurred.,IOTC science glossary,,,,,,,,,,,,,,,
Biodiversity,,"Biological diversity; variety among living organisms, including genetic diversity, diversity within and between
species, and diversity within ecosystems.",IOTC science glossary,,,,,,,,,,,,,,,
Biological reference point,,"Indicator providing a standard for comparison. Can be either a 'target reference point' or a minimum
biologically acceptable limit ('limit reference point'). Often based on fishing mortality rates, biomass or on the maintenance of
adequate recruitment to the stock.",IOTC science glossary,,,,,,,,,,,,,,,
Bollards,,Strong vertical posts fixed to a vessel or quay used for securing mooring lines,IMO terminology,,,,,,TRUE,,,,,,,,,
Bosun,,"A crew member responsible for supervising deck operations and maintaining deck equipment, rigging, and associated gear",IMO terminology,,,,,,TRUE,,,,,,,,,
Bow thrusters,,A propulsion device fitted in the bow of a vessel that produces lateral thrust to assist manoeuvring at low speeds,Revised from IMO terminology,,,,,,TRUE,,,,,,,,,
Bow/stern,,"The bow is the forward end of a vessel, and the stern is the aftermost end",Revised from IMO terminology,,,,,,TRUE,,,,,,,,,
Brailer,,A bag-shaped net or scoop used to transfer fish from a fishing gear or holding area into a vessel or container,FAO fishing gear terminology,,,,,TRUE,TRUE,,,,,,,TRUE,,
Bridge/wheelhouse,,"The area of a vessel from which navigation, manoeuvring, and control of the vessel are conducted.",IMO terminology,,,,,TRUE,TRUE,,,,,,,,,
Bulkhead and bulkhead doors ,,"A bulkhead is a vertical partition that separates compartments within a vessel; a bulkhead door provides access through the partition while maintaining structural, watertight, or fire-safety functions",Revised from IMO terminology,,,,,,TRUE,,,,,,,,,
Bunks,,A fixed berth or sleeping place provided for a person on board a vessel,IMO terminology,,,,,,TRUE,,,,,,,,,
Bunt,,"The terminal section of a seine net, particularly a purse seine, where the catch accumulates before being transferred from the net",FAO terminology ,,,,,,TRUE,,,,,,,,,
Bycatch,,"All species, other than the 16 species listed in Annex B of the IOTC Agreement, caught or interacted with by fisheries for tuna and tuna-like species in the IOTC area of competence. A bycatch species includes those non-IOTC species which are (a) retained (byproduct), (b) incidentally taken in a fishery and returned to the sea (discarded); or (c) incidentally affected by interacting with fishing equipment in the fishery, but not taken",IOTC Agreement,,,,,TRUE,TRUE,TRUE,TRUE,TRUE,TRUE,TRUE,TRUE,TRUE,TRUE,TRUE
Bycatch reduction device,BRD,"A device that allows fish and other animals to escape immediately after being taken in or with
fishing gear.",IOTC science glossary,,,,,,,,,,,,,,,
Byproduct,,A non-target species or material retained from a fishing operation that has economic or other value but is not the primary target of the fishery,FAO terminology ,,,,not sure where the first definition is from? Added by Manu?,TRUE,TRUE,TRUE,TRUE,TRUE,TRUE,TRUE,TRUE,TRUE,TRUE,TRUE
Call sign,,A unique combination of letters and/or numbers assigned to a vessel or radio station for identification during radio communications.,IMO terminology,,,,,TRUE,TRUE,,,,,,,,,
Captain,,The Captain is a certified officer that is in overall command of the vessel and is responsible for operation and safety of the vessel and all its crew,Revised from IMO terminology,,,,,,TRUE,,,,,,,,,
Cast nets,,"Fishing gear cast from the shore or from a boat over the water surface; catches the fish by falling and closing in on them by means of a drawstring. Its use is usually restricted to shallow waters,",data catalogue code lists,,,,,TRUE,TRUE,TRUE,TRUE,TRUE,TRUE,,,,,
Catchability,,"The extent to which a stock is susceptible to fishing; quantitatively, the proportion of the stock removed by one unit of fishing effort",IOTC science glossary,,,,,,,,,,,,,,,
Catch-at-age data,,"Data on the number of fish of each age group in the catch, usually derived from representative samples of the
Catch.",IOTC science glossary,,,,,,,,,,,,,,,
Catch-at-length data,,"Data on the number of fish of each length group in the catch, usually obtained by measuring the lengths of
fish in representative samples, but occasionally derived from individual weights of fish.",IOTC science glossary,,,,,,,,,,,,,,,
Catch-at-weight data,,"Data on the number of fish of each weight group in the catch, usually obtained by measuring the
individual weights of fish in representative samples",IOTC science glossary,,,,,,,,,,,,,,,
Catch curve,,"Method for estimating average recent fishing mortality, based on the age structure of the catch, biology of the
species, total catch weight and selectivity of the fishing gear.",IOTC science glossary,,,,,,,,,,,,,,,
Catch per unit effort,CPUE,"The number or weight of fish caught by a unit of fishing effort. Often used as a measure of fish
Abundance.",IOTC science glossary,,,,,,,,,,,,,,,
Catch rate,,see catch per unit effort,IOTC science glossary,,,,,,,,,,,,,,,
Chafer,,"A protective section of netting or material attached to areas of a fishing net, particularly a purse seine, that are subject to abrasion to reduce wear and damage.",FAO terminology ,,,,,TRUE,TRUE,TRUE,TRUE,TRUE,,,,TRUE,,
Chart room table,,"A table or working surface in the chart room used for preparing, displaying, and working with nautical charts and navigation documents",IMO terminology,,,,,,TRUE,,,,,,,,,
Chartering state,,A Contracting Party or Cooperating Non-Contracting Party of the IOTC that has been granted the right to use a vessel flying the flag of another State for fishing activities under a charter arrangement,IOTC,,,,,TRUE,TRUE,TRUE,TRUE,TRUE,TRUE,TRUE,TRUE,TRUE,TRUE,TRUE
Chief engineer,,"The senior engineer officer responsible for the operation, maintenance, and management of a vessel's machinery, propulsion systems, and engineering equipment",IMO terminology,,,,,,TRUE,,,,,,,,,
Chondrichthyans,,"Fishes that have skeletons made of cartilage rather than bone. This group includes sharks and rays
(elasmobranchs) and chimaeras (holocephalans)",IOTC science glossary,,,,,,,,,,,,,,,
Civil twilight,,"The period between sunset and when the Sun is 6° below the horizon, and between sunrise and when the Sun rises to 6° below the horizon, when natural light is still available",Revised from US Naval Observatory,,,,remove? Unneccessary definition? ,TRUE,TRUE,TRUE,TRUE,TRUE,TRUE,,,,,
Cleithrum-fork length,,Straight distance between the cleithrum and the fork of the tail,IOTC Reference Data Catalogue ,,,,do we need to define cleithrum?,TRUE,TRUE,TRUE,TRUE,TRUE,TRUE,,,,,
Cleithrum-keel length,,Straight distance between the cleithrum and the anterior insertion of the caudal keel,IOTC Reference Data Catalogue ,,,,,TRUE,TRUE,TRUE,TRUE,TRUE,TRUE,,,,,
Coastal fishery,,"Any fishery, including artisanal fisheries, where the fishing activity is undertaken by a vessel below 24 m length overall that is not required to be registered on the IOTC Record of Authorised Vessels",IOTC-2025-CoC22-11_Add4-IOTC Glossary,,,,,TRUE,TRUE,TRUE,TRUE,TRUE,TRUE,TRUE,TRUE,TRUE,TRUE,TRUE
Coastal waters,,"The waters adjacent to the land territory of a State, extending seaward from the territorial sea baseline to a
distance of three nautical miles.",IOTC science glossary,,,,,,,,,,,,,,,
Cohort,,Those individuals of a stock born in the same spawning season,IOTC science glossary,,,,,,,,,,,,,,,
Cohort analysis,,"Technique for estimating the magnitude of fishing mortality and the number of fish at each age in a stock by
tracing the history of cohorts",IOTC science glossary,,,,,,,,,,,,,,,
Commercial fishery,,"A fishery conducted for commercial purposes, where the catch is intended for sale or trade",IOTC glossary,,,,,TRUE,TRUE,TRUE,TRUE,TRUE,TRUE,TRUE,TRUE,TRUE,TRUE,TRUE
Commercial small scale fisheries,,"Fish caught in national jurisdiction areas (NJA) of the flag state, by vessels with a length overall of less than 15 m, and sold at landing sites, at markets, to processing factories",IOTC Reference Data Catalogue ,,,,,TRUE,TRUE,TRUE,TRUE,TRUE,TRUE,TRUE,TRUE,TRUE,TRUE,TRUE
Conservation and management measure,,"Any measure adopted pursuant to Articles V(2)(c) and IX in the IOTC Agreement, and more generally where not applicable to IOTC such measures that are consistent with international law ",IOTC guidelines for reporting fisheries statistics,,,,,TRUE,TRUE,TRUE,TRUE,TRUE,TRUE,TRUE,TRUE,TRUE,TRUE,TRUE
Continental shelf,,"The continental shelf has been defined in a number of ways. It can mean the area of relatively shallow water
that fringes a continent from the shoreline to the top of the continental slope. The top of the continental slope is often defined by
the 200 m isobath. Continental shelf is also a defined maritime zone and comprises the continental shelf where it extends beyond
the limit of the EEZ to the limit of the continental margin. This area is also sometimes referred to as ""extended continental shelf""
and its limit is determined by the United Nations Commission on the Limits of the Continental Shelf.",IOTC science glossary,,,,,,,,,,,,,,,
Continental slope,,"Region of the outer edge of a continent between the relatively shallow continental shelf and the abyssal depths
and often characterised by a relatively steep slope.",IOTC science glossary,,,,,,,,,,,,,,,
Control centre/box,,"The EM control centre is a computer and software system that records and stores information from EM System components (e.g., video, sensor data, GPS data)",EM workshop Marua 2025-WCPFC term,,,,,TRUE,TRUE,TRUE,TRUE,TRUE,TRUE,TRUE,,,,
Control measure,,"The unit used to control the amount of fishing or resource extraction allowed (e.g. catch or effort) according to
some indicator (e.g. stock status)",IOTC science glossary,,,,,,,,,,,,,,,
Control rules,,"Agreed responses that management must make under pre-defined circumstances regarding stock status. Also called
'harvest control rules' and 'decision rules'.",IOTC science glossary,,,,,,,,,,,,,,,
Course,,"The direction in which a vessel is intended to be steered, expressed as the horizontal angle measured clockwise from true north.",IMO terminology,,,,,TRUE,TRUE,,,,,,,,,
Danish seines,,"A seine fishing gear consisting of a net with long ropes used to encircle fish on the seabed; the ropes are hauled to herd the fish into the net, which is then retrieved onto the vessel.",FAO terminology ,,,,,TRUE,TRUE,TRUE,TRUE,TRUE,,,,,,
Deactivation of a buoy,,"The process of disabling a buoy's operational functions, such as transmission of location or status information, so that it is no longer active for tracking or marking fishing gear",adapted from IOTC terms,,,,,TRUE,TRUE,TRUE,TRUE,TRUE,,,,,,
Data storage*,,"The EM equipment should have enough storage capacity to store all EM records for a certain period of time, which should be at minimum a complete trip. The duration will depend on the vessel's operational characteristics that could range from 4 months (in the case of purse seiners) to12 months or more in the case of longliners).",EM workshop standards,,,,"This is more of an example than a definition. But, do we need to define this term? ",TRUE,TRUE,TRUE,TRUE,TRUE,TRUE,TRUE,,,,
Data storage backup*,,"The EM equipment should include separate, duplicate backup devices to ensure that data are not lost if a storage device fails.",EM workshop standards,,,,same as above^,TRUE,TRUE,TRUE,TRUE,TRUE,TRUE,TRUE,,,,
Deep setting*,,The gear is deployed in deep waters,data catalogue ,,,to validate,do we want to define specific depths to clarify the def - Yes,TRUE,TRUE,TRUE,TRUE,TRUE,TRUE,TRUE,TRUE,TRUE,TRUE,TRUE
Delay-difference model,,Type of population model that incorporates age structure,IOTC science glossary,,,,,,,,,,,,,,,
Demersal,,Found on or near the benthic habitat (c.f. Pelagic).,IOTC science glossary,,,,,,,,,,,,,,,
Demersal setting*,,The gear is set in waters close to the seabed,data catalogue ,,,to validate,do we want to define specific depths to clarify the def - Yes,TRUE,TRUE,TRUE,TRUE,TRUE,TRUE,TRUE,TRUE,TRUE,TRUE,TRUE
Depletion (stock depletion),,Reduction in the biomass of a fish stock,IOTC science glossary,,,,,,,,,,,,,,,
Depredation,,"An interaction between marine animals (e.g. cetaceans, seabirds, sea turtles, sharks and rays) with different types of fishing gear considered to be a source of food. Depredatory behaviour can have consequences on fisheries through the removal of bait or caught fish from hooks, nets or traps, thereby reducing commercial catches (i.e. income) or damage done to fishing gear. Depredation can also impact animals",FAO terminology portal,,,,,TRUE,TRUE,TRUE,TRUE,TRUE,TRUE,,,,,
Designated installer or service technician,,"A person or entity authorised by en EM Service provider to install or service an EM system,Designated installer or service technician",Marua 2025-WCPFC term,,,,,TRUE,TRUE,TRUE,TRUE,TRUE,TRUE,TRUE,,,,
Digital selective calling,DSC,A radio communication system that uses digital signals to automatically transmit and receive distress alerts and other calls between maritime radio stations.,IMO terminology,"A component of GMDSS: The IMO also introduced Digital Selective Calling (DSC) on MF, HF and VHF maritime radios as part of the GMDSS system. Each DSC-equipped ship",observer manual 2019,,,TRUE,TRUE,TRUE,TRUE,TRUE,TRUE,,,,,
Discards*,,"All non-retained catch, including individuals released alive or discarded dead",IOTC science glossary,the part of the catch that is not retained on board and is returned at sea,FAO terminology portal,,pick one def? Or keep both,TRUE,TRUE,TRUE,TRUE,TRUE,TRUE,TRUE,TRUE,TRUE,TRUE,TRUE
Doppler current meter,,An acoustic instrument that measures water current velocity and direction by detecting the Doppler shift of reflected sound waves.,Based on - RD Instruments (RDI). (1996). Acoustic Doppler Current Profilers: Principles of Operation - A Practical Primer. Teledyne RD Instruments.,,,To define,,TRUE,TRUE,TRUE,TRUE,TRUE,TRUE,,,,,
Drifting fish aggregating device,DFAD,"Fish aggregating device not tethered to the bottom of the ocean typically composed of a floating structure (such as a bamboo or metal raft with buoyancy provided by buoys, corks, etc.) and of a submerged structure (made of canvass, etc.)",IOTC reporting guidelines glossary,device that is neither anchored nor otherwise attached to the seabed and let adrift,FAO terminology portal,to validate,"IOTC science has another definition: Any 'FAD' which is not anchored to the substratum, but left to drift freely in ocean
Currents.",TRUE,TRUE,,,,,TRUE,TRUE,TRUE,TRUE,TRUE
Drifting gillnet,,"A gillnet that is not attached to the seabed and is allowed to drift freely with currents, usually at or near the surface, to entangle fish",FAO terminology ,,,,,TRUE,TRUE,TRUE,TRUE,TRUE,TRUE,,,,,
Drifting longline,,"Longline kept near the surface or at a certain depth by means of regularly spaced floats. Drifting longlines may be of considerable length, and the snoods are usually longer and more widely spaced than for the bottom longlines. Some drifting longlines are set vertically, each line hanging from a float at the surface. They are usually worked in groups of several lines operated by a single boat",FAO terminology portal,,,,,TRUE,TRUE,,,,,,TRUE,,,
Driftnet*,,Type of gillnet that is not fixed to the seabed but allowed to drift with the current. Synonym to drift gillnet ,FAO terminology portal,Gillnet suspended by floats so that it fishes the top few metres of the water column,IOTC science glossary,pick one,,,TRUE,,,,,,,,,TRUE
Dropline,,"Fishing line with one or more hooks, held vertically in the water column with weights, generally used on the
continental shelf and slope. Several droplines may be operated by a vessel, manually or mechanically",IOTC science glossary,,,,,,,,,,,,,,,
Echosounder,,Transducer located beneath the hull transmits a sound wave downwards which is reflected on the bottom (echo) to return to the hull and indicate the depth of water. The sound waves are reflected also from fish and can help the captain to spot the schools of fish. The depth on an echo sounder can be measured either in meters (m) or fathoms (fm) ,based on IEC definition (from observer manual),,,,,TRUE,TRUE,TRUE,TRUE,TRUE,TRUE,TRUE,TRUE,TRUE,TRUE,TRUE
Ecologically sustainable development,,"Using, conserving and enhancing the community's resources so that ecological processes
are maintained and the total quality of life, now and in the future, is improved.",IOTC science glossary,,,,,,,,,,,,,,,
Economic efficiency,,"A fishery is economically efficient when fishery-level efficiency and vessel-level efficiency are achieved,
and management costs are as low as they can be while still providing the necessary level of management. Fishery-level and
vessel-level efficiency mean that effort is restricted to the point where the difference between fishing revenue and cost is greatest,
and fishers are applying that level of effort at least cost.",IOTC science glossary,,,,,,,,,,,,,,,
Ecosystem,,"A complex of plant, animal and microorganism communities that, together with the non-living components, interact to maintain a functional unit",IOTC science glossary,,,,,,,,,,,,,,,
Effort,,A measure of the resources used to harvest a fishery's stock. The measure of effort appropriate for a fishery depends on the methods used and the management arrangements. Common measures include the number of vessels,IOTC science glossary,,,,,TRUE,TRUE,TRUE,TRUE,TRUE,TRUE,TRUE,TRUE,TRUE,TRUE,TRUE
Effort creep,,"An increase in the efficiency of fishing effort through time. This usually comes about through changes to fishing
gear or how fishing is undertaken.",IOTC science glossary,,,,,,,,,,,,,,,
Effort restriction,,"Restriction of the permitted amount of fishing effort (e.g. number of days fished) in a particular fishery; used
as a management tool.",IOTC science glossary,,,,,,,,,,,,,,,
Electronic compass,,A navigational instrument that determines and displays a vessel's heading using electronic sensors rather than a magnetic needle,IMO termonology,,,,,TRUE,TRUE,,,,,TRUE,,,,
Electronic monitoring*,EM,The use of electronic devices to record fishing vessels' activities using video technology linked to a Global Position System (GPS),EM workshop Marua 2025-IOTC term (well aligned),,,,,TRUE,TRUE,TRUE,TRUE,TRUE,TRUE,TRUE,,,,
Electronic monitoring analysis,,The review of EM records by EM observers/reviewers to produce EM data,EM workshop Marua 2025-IOTC term (well aligned),,,,,TRUE,TRUE,TRUE,TRUE,TRUE,TRUE,TRUE,,,,
Electronic monitoring analyst,,EM Reviewer/Observer  -- a person qualified to review EM records,EM workshop Marua 2025-IOTC term,,,,,TRUE,TRUE,TRUE,TRUE,TRUE,TRUE,TRUE,,,,
Electronic monitoring certifier,,An individual or organisation which has been approved by the appropriate authority to inspect and approve EM systems for use,EM workshop-WCPFC term,,,,,TRUE,TRUE,TRUE,TRUE,TRUE,TRUE,TRUE,,,,
Electronic monitoring coverage*,,Split into three: EM Installation Coverage -- the proportion of vessels by fleet that has EM equipment installed that is operational EM Record Coverage -- the proportion of fishing effort for which EM records are collected by installed EM equipment EM Observer/Review Coverage -- the proportion of fishing effort for which EM records are reviewed to produce EM data and submitted to the IOTC,EM workshop,,,,,TRUE,TRUE,TRUE,TRUE,TRUE,TRUE,TRUE,,,,
Electronic monitoring coverage*,,The proportion of vessels or fishing effort that are recorded by the EM Program. Note that this definition not analogous to the commonly used definition of observer coverage. The analogous quantity can be determined by multiplying the EM coverage rate by the EM analysis rate,EM workshop-WPCFC term,,,,,TRUE,TRUE,TRUE,TRUE,TRUE,TRUE,TRUE,,,,
Electronic monitoring data,,Processed/analysed data produced through review of EM records that conforms with the EM data standards,EM workshop-IOTC (Well-aligned),,,,,TRUE,TRUE,TRUE,TRUE,TRUE,TRUE,TRUE,,,,
Electronic monitoring data standards,,The agreed subset of data requirements by the IOTC Regional Observer Scheme (ROS) that could be collected by the EMS,EM workshop-IOTC term,,,,,TRUE,TRUE,TRUE,TRUE,TRUE,TRUE,TRUE,,,,
Electronic monitoring equipment,,A network of electronic cameras,EM workshop-IOTC term (well aligned),,,,,TRUE,TRUE,TRUE,TRUE,TRUE,TRUE,TRUE,,,,
Electronic monitoring installation coverage,,"The proportion of vessels by fleet that has EM equipment installed that is operational,Electronic monitoring installation coverage",IOTC Resolution 23/08,,,,,TRUE,TRUE,TRUE,TRUE,TRUE,TRUE,TRUE,,,,
Electronic monitoring observer/reviewer coverage,,The proportion of fishing effort for which EM records are reviewed to produce EM data and submitted to the IOTC,IOTC Resolution 23/08,,,,,TRUE,TRUE,TRUE,TRUE,TRUE,TRUE,TRUE,,,,
Electronic monitoring observer/reviewer,,A person qualified to review EM records,IOTC Resolution 23/08,,,,,TRUE,TRUE,TRUE,TRUE,TRUE,TRUE,TRUE,,,,
Electronic monitoring process*,,** recommendation from EM workshop to use this instead of EM system,,,,To define - Would remove this as not common,** recommendation from EM workshop to use this instead of EM system,TRUE,TRUE,TRUE,TRUE,TRUE,TRUE,TRUE,,,,
Electronic monitoring program (Electronic monitoring system program),,A process administered by a national or regional administration that regulates the use of EMS on vessel to collect and verify fisheries data and information responsible throgh an implementation of an EMS in a defined area and/or fishery,EM workshop Marua2025-IOTC (but change term),,,,,TRUE,TRUE,TRUE,TRUE,TRUE,TRUE,TRUE,,,,
Electronic monitoring records,,Electronic data (footage and other information such as ancillary data and metadata) captured during a fishing trip,EM workshop,"Imagery, and possibly sensor, raw data linked to positional data collected by an EM equipment that can be reviewed to produce EM data.",,,,TRUE,TRUE,TRUE,TRUE,TRUE,TRUE,TRUE,,,,
Electronic monitoring record coverage,,The proportion of fishing effort for which EM records are collected by installed EM equipment,Resolution 23/08,"The percentage of total fishing effort (trips/events) for which EM records are available,Electronic monitoring record coverage",,,,TRUE,TRUE,TRUE,TRUE,TRUE,TRUE,TRUE,,,,
Electronic monitoring review centre,,A designated facility responsible for reviewing and analyzing EM records,EM workshop-IOTC term,,,To define,,TRUE,TRUE,TRUE,TRUE,TRUE,TRUE,TRUE,,,,
Electronic monitoring review provider,,A third-party provider of EM review services to review EM records to produce EM data. The same third-party organisation can provide both the EM equipment and EM review services but they can also be supplied by different providers,EM workshop-IOTC term,,,,,TRUE,TRUE,TRUE,TRUE,TRUE,TRUE,TRUE,,,,
Electronic monitoring review rate,,The proportion of EM records that are analysed to produce EM data, but this one is aligned with WCPFC),,,,,TRUE,TRUE,TRUE,TRUE,TRUE,TRUE,TRUE,,,,
Electronic monitoring system,EMS,"An integrated system of hardware and software that supports acquisition of video footages of fishing activity, positional data and/or sensor",Resolution 25/06,"The system comprising the vessel and shore- based components for collecting, transmitting and reviewing EM records",EM workshop Marua 2025-IOTC,,,TRUE,TRUE,TRUE,TRUE,TRUE,TRUE,TRUE,,,,
Electronic technologies,,"Any electronic tool that is used to support fisheries-dependent data collection, both on shore and at sea",Resolution 23/08,,,,,TRUE,TRUE,TRUE,TRUE,TRUE,TRUE,TRUE,,,,
Encircling gillnets,,"An encircling gillnet is a gillnet set vertical, in shallow waters, encircling fish. After the fish has been encircled by the net, noise or other means are used to force them to gill or entangle themselves in the netting. It is a technology commonly used by groups of small-scale fishermen (or women)",Gear code lists,,,,,TRUE,TRUE,TRUE,TRUE,TRUE,TRUE,,,,,TRUE
Engine power,,"The maximum continuous power output of a vessel's engine, usually expressed in kilowatts (kW) or horsepower (hp)",based on IMO terminology,,,,,TRUE,TRUE,,,,,,,,,
Engine room,,A compartment or space in a ship containing the main propulsion machinery and associated equipment required for the operation of the vessel.,IMO terminology,,,,,TRUE,TRUE,,,,,,,,,
Emergency position-indicating radio beacon,EPIRB,A satellite-based distress beacon carried by ships that transmits an alert containing the vessel's identity and location to assist search and rescue authorities in locating a vessel in an emergency.,IMO terminology,,,,,TRUE,TRUE,,,,,,,,,
Equator,,The imaginary line around the Earth at 0° latitude that divides the Earth into the Northern and Southern Hemispheres.,IHO terminology,,,,,,TRUE,,,,,,,,,
Electronic monitoring event,,An occurrence in the Electronic Monitoring Records that is enumerated into Electronic Monitoring data,EM workshop-WCPFC term,,,,,TRUE,TRUE,TRUE,TRUE,TRUE,TRUE,TRUE,,,,
Escapement,,"The number, expressed as a percentage, of fish that survive through a particular event (e.g. predation, natural
mortality, fishing mortality), often to spawn.",IOTC science glossary,,,,,,,,,,,,,,,
Exhaustive sampling,,All individuals in the catch or sampling unit are examined and recorded,IOTC Reference Data Catalogue ,,,,Biological Sampling Method (https://data.iotc.org/reference/latest/forms/ros/Form-ROS-PS.html#Biological_Sampling_Method),TRUE,TRUE,TRUE,TRUE,TRUE,TRUE,TRUE,TRUE,TRUE,TRUE,TRUE
Exclusive economic zone,EEZ,"A zone under national jurisdiction (up to 200-nautical miles wide) declared in line with the provisions of 1982 United Nations Convention of the Law of the Sea, within which the coastal State has the right to explore and exploit, and the responsibility to conserve and manage, the living and non-living resources.",FAO terminology portal,"An area beyond and adjacent to the territorial sea, subject to the specific legal regime established in the United Nations Convention on the Law of the Sea, which provides that it is not to extend beyond 200 nm from the baselines from which the breadth of the territorial sea is measured.",IOTC data reporting guidelines,keep both?,"From IOTC science glossary: The area that extends from the limit of the territorial sea, which is 12 nautical miles offshore
from the territorial sea baseline, to a maximum of 200 nautical miles, measured from the territorial sea baseline. The EEZ is less
than 200 nautical miles in extent where it coincides with the EEZ of another country. In this case the boundaries between the two
countries are defined by treaty.",TRUE,TRUE,,,,,,TRUE,TRUE,TRUE,TRUE
Exploitation rate,,"The fraction of total animal deaths caused by fishing, usually expressed as an annual value. Can also be
defined as the proportion of a population caught during a year",IOTC science glossary,,,,,,,,,,,,,,,
F (fishing mortality),,"The instantaneous rate of fish deaths due to fishing a designated component of the fish stock. F reference
points may be applied to entire stocks or segments of the stocks and should match the scale of management unit. Instantaneous
fishing mortality rates of 0.1, 0.2 and 0.5 are equivalent to 10%, 18% and 39% of deaths of a stock due to fishing. See also
Mortality, M (natural mortality).",IOTC science glossary,,,,,,,,,,,,,,,
FLIM (fishing mortality limit reference point),,The point above which the removal rate from the stock is too high,IOTC science glossary,,,,,,,,,,,,,,,
FMEY (fishing mortality at maximum economic yield),,The fishing mortality rate that corresponds to the maximum economic yield.,IOTC science glossary,,,,,,,,,,,,,,,
FMSY (fishing mortality maximum sustainable yield),,The fishing mortality rate that achieves the maximum sustainable yield.,IOTC science glossary,,,,,,,,,,,,,,,
FTARG (fishing mortality target),,The target fishing mortality rate,IOTC science glossary,,,,,,,,,,,,,,,
Fairleads,,"A fitting or device used to guide, support, or change the direction of a rope, cable, or line while reducing friction and preventing damage.",IMO ,,,,,,TRUE,,,,,,,,,
Fecundity,,Number of eggs an animal produces each reproductive cycle; the potential reproductive capacity of an organism or population.,IOTC science glossary,,,,,,,,,,,,,,,
Field sampler,,A person who collects information on land during the unloading of fishing vessels and field sampling programs can be used inter alia for quantifying catch,Resolution 25/06,,,,,TRUE,TRUE,TRUE,TRUE,TRUE,TRUE,TRUE,TRUE,TRUE,TRUE,TRUE
Fishery information system*,FIS,,,,,To define,missing reference,TRUE,TRUE,TRUE,TRUE,TRUE,TRUE,,,,,
Fish aggregating device,FAD,"Artificial or natural floating objects placed on the ocean surface, often anchored to the bottom, to attract several schooling fish species underneath",FAO terminology portal,"Anchored, drifting, floating, swimming or submerged object or group of objects, of any size,
that has or has not been deployed, that is living or non-living, including but not limited to buoys, floats, netting, webbing, plastics,
bamboo, logs, whales and whale sharks that fish may associate with.. See also Anchored FAD and Drifting FAD.",IOTC science glossary,,,TRUE,TRUE,TRUE,TRUE,TRUE,TRUE,TRUE,,TRUE,TRUE,
Fish aggregating device (FAD) set,,"Any set of fishing gear on a FAD (anchored, drifting or natural (i.e. whale or whale shark)).",IOTC science glossary,,,,,,,,,,,,,,,
Fisher,,"an individual who engages in fishing activities for the purpose of deriving a livelihood, generating a revenue or pursuing sport or recreation.",IOTC data reporting guidelines,,,,,TRUE,TRUE,TRUE,TRUE,TRUE,TRUE,TRUE,TRUE,TRUE,TRUE,TRUE
Fishery,,"An activity leading to harvesting of fish. It may involve capture of wild fish or raising of fish through aquaculture ([FAO fishery glossary](https://www.fao.org/faoterm/en/)),Fishery (FAO)",FAO,,,,,TRUE,TRUE,TRUE,TRUE,TRUE,TRUE,TRUE,TRUE,TRUE,TRUE,TRUE
Fishery-independent survey,,"Systematic survey carried out by research vessels or contracted commercial fishing vessels to
gather information independently of normal commercial fishing operations.",IOTC science glossary,,,,,,,,,,,,,,,
Fishing capacity*,,"The ability of a vessel or fleet of vessels to catch fish. Fishing capacity (capacity output) can be expressed more specifically as the maximum amount of fish over a period of time (year, season) that can be produced by a fishing fleet if fully utilised",Github glossary,"(1) The potential fishing effort that could be exerted in a fishery, over a period of time (year, season) if all fishers are participating and all vessels and gear are fully used. (2) The maximum amount of fish that could be taken in a fishery or by a single fishing unit (e.g. a fisher, community, vessel or fleet) over a period of time (season, year), given the biomass and age structure of the fish stock and the present state of the technology",FAO terminology portal,,definition from IOTC science glossary: Total fishing effort that can be expended by a fleet operating in a fishery,TRUE,TRUE,TRUE,TRUE,TRUE,TRUE,TRUE,TRUE,TRUE,TRUE,TRUE
Fishing down (fish-down),,"Reduction in the average age and size of a stock that is being fished for the first time. Catches are
highest at first, but the rate cannot be sustained once the abundance of older fish has been reduced.",IOTC science glossary,,,,,,,,,,,,,,,
Fishing effort,,"The overall amount of fishing (usually per unit of time) expressed in units such as: boat days on the fishing ground, number of traps, or trawl hauls, or (gillnet length x soaking time)",FAO terminology portal,"amount of fishing taking place, usually described in terms of gear type and the frequency or period of operations (e.g. 'hook sets', 'trawl hours', 'searching hours').",IOTC glossary scientific terms,,,TRUE,TRUE,TRUE,TRUE,TRUE,TRUE,TRUE,TRUE,TRUE,TRUE,TRUE
Fishing effort (effective),," Adjusted measure of effort to take account of differences in fishing power and efficiency and ensure proportionality with fishing mortality, and when two or more kinds of gear are used or when the same gear is used for example by different classes of vessel or métier, the respective efforts are adjusted to some common standard before being aggregated across all classes (strata) ([CWP Handbook](https://www.fao.org/cwp-on-fishery-statistics/handbook/en/)).",IOTC glossary,,,,check CWP Handbook on Fisheries,TRUE,TRUE,TRUE,TRUE,TRUE,TRUE,TRUE,TRUE,TRUE,TRUE,TRUE
Fishing effort (nominal),,"General measure of effort used to quantify the unadjusted, total effort units exerted on a stock in a given time period by a fishery",IOTC glossary,,,,,TRUE,TRUE,TRUE,TRUE,TRUE,TRUE,TRUE,TRUE,TRUE,TRUE,TRUE
Fishing event*,,,,,,to discuss,missing reference,TRUE,TRUE,TRUE,TRUE,TRUE,TRUE,,,,TRUE,
Fishing gear,,"The general name for the equipment used for fishing. This might include lines, nets, warps, floats, deck equipment and any other specific fishing items.",FAO terminology terminal,,,,,TRUE,TRUE,TRUE,TRUE,TRUE,TRUE,TRUE,TRUE,TRUE,TRUE,TRUE
Fishing logbook,,A paper based or electronic record of any data related to fishing or fishing related activities,IOTC-2025-CoC22-11_Add4-IOTC Glossary,,,,,TRUE,TRUE,TRUE,TRUE,TRUE,TRUE,TRUE,TRUE,TRUE,TRUE,TRUE
Fishing master*,,"A person responsible for managing and directing fishing operations on board a fishing vessel, including decisions related to fishing methods, gear deployment, and catch operations",need a reference,,,,,TRUE,TRUE,,,,,,,,,
Fishing mode,,A specific practice or method of conducting a fishing operation or searching for fish within a fishery,github glossary,,,,,TRUE,TRUE,TRUE,TRUE,TRUE,TRUE,TRUE,TRUE,TRUE,TRUE,TRUE
Fishing power,,Effectiveness of a vessel's fishing effort relative to the effectiveness of other vessels,IOTC science glossary,,,,,,,,,,,,,,,
Fishing related activities,,"Any operation in support of, or in preparation for, fishing, including the landing, packaging, processing, transhipping or transporting of fish that have not been previously landed at a port, as well as the provisioning of personnel, fuel",IOTC-2025-CoC22-11_Add4-IOTC Glossary,,,,,TRUE,TRUE,TRUE,TRUE,TRUE,TRUE,TRUE,TRUE,TRUE,TRUE,TRUE
Fishing season,,The period during which a fishery can be accessed by fishers. Sometimes referred to as a fishing year.,IOTC science glossary,,,,,,,,,,,,,,,
Fishing set*,,,,,,To define,missing reference,TRUE,TRUE,TRUE,TRUE,TRUE,TRUE,TRUE,TRUE,TRUE,,TRUE
Fishing trip,,"The period between either (a) a vessel's departure from port after unloading part or all of the catch to transit to a fishing area, or (b) a vessel recommences fishing operations or transits to a fishing area after transshipping part or all of the catch at sea, and the time that the vessel either (c) returns to port to unload part or all of its catch",EM workshop-only WCPFC term,A defined period during which a vessel engages in fishing activities,EM workshop-workshop standards,,,TRUE,TRUE,TRUE,TRUE,TRUE,TRUE,TRUE,TRUE,TRUE,TRUE,TRUE
Fishing vessel,,"any vessel of any size used for, equipped for use for, or intended for use for the purposes of fishing or fishing-related activities, including support vessels, fish-processing vessels, vessels engaged in transshipment and carrier vessels equipped for the transportation of fishery products",FAO terminology portal,,FAO terminology portal,,,TRUE,TRUE,TRUE,TRUE,TRUE,TRUE,TRUE,TRUE,TRUE,TRUE,TRUE
Fishing year,,See Fishing season,IOTC science glossary,,,,,,,,,,,,,,,
Flag state*,,The State which has granted to a vessel the right to fly its flag and has issued a registration to that effect,IOTC-2025-CoC22-11_Add4-IOTC Glossary,State under whose laws a vessel is registered and whose flag it is entitled to fly.,IOTC science glossary,,this should become the reference so the IOTC should become the source,TRUE,TRUE,TRUE,TRUE,TRUE,TRUE,TRUE,TRUE,TRUE,TRUE,TRUE
Float line,,A rope or line fitted with floats that supports and maintains the position of a fishing gear at the surface or in the water column,FAO terminology ,,,,,TRUE,TRUE,,,,,,,,,
Fork length,FL,"In a fish with a forked tail, the distance from the mouth tip to the tail fork",FAO terminology portal,"Length of a fish measured as the distance between the tip of the snout and the point of the fork or 'V' of the
tail. Commonly used to record the length of commercial fish because it is little affected by damage to the tail fin (c.f. Total
length). Fork length is measured flat, from point to point, not by stretching a tape along the body surface, which would result in a
longer measurement for full-bodied fish like tuna. See also Lower-jaw fork length.",IOTC science glossary,,to get from IOTC Reference Data Catalogue,TRUE,TRUE,TRUE,TRUE,TRUE,TRUE,TRUE,TRUE,TRUE,TRUE,TRUE
Free school,,A fish school not associated with any anchored or drifting floating object. Synonym to free-swimming school or unassociated school,IOTC glossary,,,,,TRUE,TRUE,TRUE,TRUE,TRUE,TRUE,TRUE,TRUE,TRUE,TRUE,TRUE
Free school set,,"Any set of fishing gear on a school of fish which are not associated with any object (c.f. Fish aggregating device
(FAD).",IOTC science glossary,,,,,,,,,,,,,,,
Galley,,The kitchen or food preparation area on board a vessel where meals are prepared for the crew and personnel.,IMO terminology,,,,,TRUE,TRUE,,,,,,,,,
Gear,,"The general name for the equipment used for fishing. This might include lines, nets, warps, floats, deck equipment and any other specific fishing items ",IOTC glossary,,,,,TRUE,TRUE,TRUE,TRUE,TRUE,TRUE,TRUE,TRUE,TRUE,TRUE,TRUE
Gear restriction,,Restriction on the amount and/or type of fishing gear that can be used by fishers in a particular fishery; used as a management tool,IOTC science glossary,,,,,,,,,,,,,,,
Generation time,,Average time taken for an individual animal to replace itself in a population,IOTC science glossary,,,,,,,,,,,,,,,
Geolocation device,,A device that is used to capture information on vessel position that can also be used to determine vessel speed and heading,EM workshop-WCPFC term,,,,,TRUE,TRUE,TRUE,TRUE,TRUE,TRUE,,,,,
Ghost fishing*,,"The accidental capture of aquatic organisms by fishing gear (usually gill nets, or traps, pots)",FAO,"The capture of fish in gear that has been lost, usually nets or traps",IOTC science glossary,,,TRUE,TRUE,TRUE,TRUE,TRUE,TRUE,,,,,
Ghost fishing gear,,Abandoned fishing gear = fishing gear over which that operator/owner has control and that could be retrieved by owner/operator,code lists,,,to review,,TRUE,TRUE,TRUE,TRUE,TRUE,TRUE,,,,,
Gillnet*,,"A net, which is hung vertically in the water so that fish attempting to pass through become caught by the gill covers, entangled or enmeshed in the netting. According to their design, ballasting and buoyancy, these nets may be used to fish on the surface",FAO fisheries glossary,"Type of passive fishing gear consisting of panels of net held vertically in the water column, either in contact with the
seabed or suspended from the sea surface, such that fish attempting to swim through the net are entangled. The mesh size of the
net determines the size range of fish caught, as smaller fish can swim through the meshes and larger fish are not enmeshed. See
also Driftnet.",IOTC science glossary,,,TRUE,TRUE,TRUE,TRUE,TRUE,TRUE,,,,,TRUE
Global maritime distress and safety system,GMDSS,"An internationally agreed system using satellite and terrestrial communication technologies to ensure that distress alerts, maritime safety information, and emergency communications can be transmitted and received by vessels",IMO terminology,,,,,TRUE,TRUE,TRUE,TRUE,TRUE,TRUE,,,,,
Global positioning system,GPS,a satellite based navigational system allowing the determination of any point on the earth's surface with a high degree of accuracy given a suitable GPS receiver. ,FAO terminology portal,,,,(Maybe we just take part of the definition?),TRUE,TRUE,TRUE,TRUE,TRUE,TRUE,,,,,
Global positioning system plotter,,"A navigation device that combines GPS position data with electronic charts to display a vessel's location, track, and planned routes.",IMO terminology,,,,,TRUE,TRUE,TRUE,TRUE,TRUE,TRUE,,,,,
Global navigation satellite system ,GNSS,"A satellite-based positioning system that provides users with geographic position, navigation, and timing information using signals transmitted from satellites",IMO terminology,,,to define,,TRUE,TRUE,TRUE,TRUE,TRUE,TRUE,,,,,
Greenwich mean time,GMT,"The mean solar time at the Greenwich meridian (0° longitude), historically used as the reference time standard for navigation and timekeeping.GMT was formerly used as the international civil time standard, now superseded in that function by Coordinated Universal Time (UTC), defined by a whole number of hours (UTC?12 to UTC+14).",Adapted from IMO terminology,,,,,TRUE,TRUE,,,,,,,,,
Gross tonnage,,"A dimensionless measure of the overall internal volume of a vessel, calculated according to the vessel's total enclosed spaces and used to indicate its size.",IMO terminology,,,,,TRUE,TRUE,TRUE,TRUE,TRUE,TRUE,,,,,
Gross value of production,GVP,"A value found by multiplying the volume of catch by the beach price per unit. In the case of a
multispecies fishery, the fishery's GVP is the sum of the GVP of each species. GVP is not a good indicator of economic
performance because it does not consider costs.",IOTC science glossary,,,,,,,,,,,,,,,
Growth model,,Mathematical description or representation of the rate at which a species grows at different sizes or ages,IOTC science glossary,,,,,,,,,,,,,,,
Growth overfishing,,"The harvesting of too many small fish; where a restraint on catching them would result in an overall
increase in a fishery's yield.",IOTC science glossary,,,,,,,,,,,,,,,
Handline*,,"Fishing method in which a line with a hook, usually baited, is lowered into the water from a drifting, anchored or moving fishing vessel or from a jetty",IOTC glossary,Hand-held lines of various types used to catch fish,IOTC science glossary,,,TRUE,TRUE,TRUE,TRUE,TRUE,TRUE,,,,,
Harpoon,,Fishing gear consisting of a pointed dart or iron attached to the end of a line several hundred feet in length,FAO terminology portal,,,,,TRUE,TRUE,TRUE,TRUE,TRUE,TRUE,,,,,
Harvest control rule,HCR,See Control rules,IOTC science glossary,,,,,,,,,,,,,,,
Harvest strategy,,"Strategy outlining how the catch in a fishery will be adjusted from year to year depending on the size of the
stock, the economic or social conditions of the fishery, conditions of other interdependent stocks and uncertainty of biological
knowledge. Well-managed fisheries have an unambiguous (explicit and quantitative) harvest strategy that is robust in the
unpredictable biological fluctuations to which the stock may be subject. A harvest strategy sets out the management actions
necessary to achieve defined biological and economic objectives in a given fishery. Harvest strategies must contain 1) a process
for monitoring and conducting assessments of the biological and economic conditions of the fishery, and 2) rules that control the
intensity of fishing activity according to the biological and economic conditions of the fishery (as defined by the assessment).
These rules are referred to as harvest control rules.",IOTC science glossary,,,,,,,,,,,,,,,
Hatch,,"An opening in a ship's deck or structure, fitted with a cover or door, providing access to spaces below or allowing the movement of cargo, equipment, or personnel.",IMO terminology,,,,,TRUE,TRUE,,,,,,,,,
Hatch cover,,"A removable or hinged structure fitted over a hatch opening to close and protect the space below, maintaining the required strength and watertight or weathertight integrity of the deck.",IMO terminology,,,,,TRUE,TRUE,,,,,,,,,
Hauling station,,The designated area on a fishing vessel where fishing gear is retrieved and brought aboard during hauling operations.,Based on FAO terminology,,,,,TRUE,TRUE,,,,,,,,,
High Frequency Radio,HF radio,"A radio communication system that uses high-frequency electromagnetic waves (3-30 MHz) to provide long-range voice and data communication, including maritime safety and operational communications.",IMO terminology,,,,,TRUE,TRUE,TRUE,TRUE,TRUE,TRUE,,,,,
High grading,,"A type of discarding motivated by an output control system. Depending on the costs of fishing and price
differences between large and small fish of the same species, fishers may have an incentive to discard small, damaged or relatively
low-value catch so that it does not count against their quota. They then hope to fill the quota with a higher-value fish in the future.",IOTC science glossary,,,,,,,,,,,,,,,
High seas*,,"All parts of the sea that are not included in the exclusive economic zone, in the territorial sea or in the internal waters of a State",IOTC glossary (UNCLOS),"that area of the oceans which is not subject to the jurisdiction of any one state.That area of the oceans which is not subject to the jurisdiction of any one state,High seas",FAO terminology portal,pick one,from IOTC science glossary: Waters outside national jurisdictions,TRUE,TRUE,TRUE,TRUE,TRUE,TRUE,,,,,
Hold ,,"A compartment within a vessel used for the storage or carriage of cargo, equipment, or other materials.",IMO terminology,,,,,TRUE,TRUE,,,,,,,,,
Hook pods*,,,,,,To define,missing reference,TRUE,TRUE,TRUE,TRUE,TRUE,TRUE,,,,,
Hull,,"The main body or shell of a vessel that provides its structure, buoyancy, and watertight enclosure.",IMO terminology,,,,,TRUE,TRUE,,,,,,,,,
International maritime organization number,IMO,"A unique seven-digit identification number assigned permanently to a vessel for identification purposes throughout its operational life, regardless of changes in ownership, flag, or name.",IMO terminology,,,to define,,TRUE,TRUE,,,,,,,,,
Incidentally affected species*,,"Bycatch species that accidentally interact with fishing equipment in the fishery, that are not taken but released to the sea (cetaceans, seals, turtles, birds, etc.). Some of these species may be considered protected, endangered, or threatened.",ROS observer manual 2019,,,,,TRUE,TRUE,TRUE,TRUE,TRUE,TRUE,TRUE,TRUE,TRUE,TRUE,TRUE
Incidentally taken species*,,"Bycatch species of no commercial value such as fish species, crustaceans or other non-target organisms without commercial interest, not marketable for reasons of size (immature, juvenile), prohibited from fishing, or from being hauled on-board",ROS observer manual,,,,,TRUE,TRUE,TRUE,TRUE,TRUE,TRUE,TRUE,TRUE,TRUE,TRUE,TRUE
Index of abundance,,Relative measure of the abundance of a stock (e.g. catch per unit of effort).,IOTC science glossary,,,,,,,,,,,,,,,
Individual transferable effort,ITE,"Shares of a total allowable effort that are allocated to individuals. They can be traded
permanently or temporarily. Analogous to individual transferable quotas in a fishery managed with a total unit allowable catch.
Usually issued at the start of a fishing season.",IOTC science glossary,,,,,,,,,,,,,,,
Individual transferable quote ,ITQ,"Management tool by which portions of the total available catch quota are allocated to
fishers (individuals or companies). The fishers have long-term rights over the quota but can trade quota with others. See also
Quota.",IOTC science glossary,,,,,,,,,,,,,,,
Industrial fishery,,"fishery that (i) catches fish from large and medium-sized vessels fitted out with mechanised methods of operating the fishing gear and installations for preservation of fish on board, (ii) process the catch either in land base or on board, in which cases the vessels are provided with appropriate processing installations, and (iii) distribute the fish products around the country and abroad using mechanised means of transportation adapted for fish and fish products. All these activities are generally organised for the financial benefit of the companies or organisations operating the fishing vessels, processing plants",FAO,,,,,TRUE,TRUE,TRUE,TRUE,TRUE,TRUE,TRUE,TRUE,TRUE,TRUE,TRUE
Industrial fishing*,,"Using large vessels, generally greater than 15 m in length",FAO terminology portal,,,,,TRUE,TRUE,TRUE,TRUE,TRUE,TRUE,TRUE,TRUE,TRUE,TRUE,TRUE
Industrial fishing vessel*,,"Large vessel, typically of 24 m in length and over, engaged in catching operations",IOTC glossary,,,,This definition contradicts the previous definition,TRUE,TRUE,TRUE,TRUE,TRUE,TRUE,TRUE,TRUE,TRUE,TRUE,TRUE
Inmarsat,,"A satellite communication system providing maritime communication services, including voice, data, and safety communications for vessels operating beyond the range of terrestrial communication networks.",IMO terminology,,,,,TRUE,TRUE,TRUE,TRUE,TRUE,TRUE,,,,,
Input controls,,"Management measures that place restraints on who fishes (licence limitations), where they fish (closed areas),
when they fish (closed seasons) or how they fish (gear restrictions).",IOTC science glossary,,,,,,,,,,,,,,,
Inshore waters,,"Waters of the shallower part of the continental shelf, usually less than 3 nm",IOTC science glossary,,,,,,,,,,,,,,,
Installation coverage,,The percentage of vessels equipped with EM systems,EM workshop-workshop standards,,,,,TRUE,TRUE,TRUE,TRUE,TRUE,TRUE,,,,,
Instrumented buoy,,A buoy with a clearly marked with a unique reference number allowing identification of its owner and equipped with a satellite tracking system to monitor its position (Res. [19/02](https://iotc.org/cmm/resolution-1902-procedures-fish-aggregating-devices-fads-management-plan)),IOTC resolution 19/02,,,,,TRUE,TRUE,TRUE,TRUE,TRUE,TRUE,,,,,
IOTC active vessel list,AVL,"The list of vessels having operated in the IOTC area of competence in a given year, including fishing and non-fishing vessels of 24 m length overall and over",IOTC resolution 10/08,,,,,TRUE,TRUE,TRUE,TRUE,TRUE,TRUE,TRUE,TRUE,TRUE,TRUE,TRUE
IOTC Agreement,,The 1993 Agreement for the establishment of the Indian Ocean Tuna Commission,IOTC data reporting guidelines,,,,,TRUE,TRUE,TRUE,TRUE,TRUE,TRUE,TRUE,TRUE,TRUE,TRUE,TRUE
IOTC Area of Competence,,"The Indian Ocean (defined for the purpose of the IOTC Agreement as being FAO Statistical Areas 51 and 57), and adjacent seas, north of the Antarctic Convergence, insofar as it is necessary to cover such seas for the purpose of conserving and managing stocks that migrate into or out of the Indian Ocean. In 1999, the Commission extended the western boundary of the IOTC statistical area from 30ÂºE to 20ÂºE",IOTC data reporting guidelines,,,,,TRUE,TRUE,TRUE,TRUE,TRUE,TRUE,TRUE,TRUE,TRUE,TRUE,TRUE
IOTC Conservation and Management Measures,CMM,"consist of Resolutions, which are binding on Members, subject to Article IX para 5 of the IOTC Agreement, and Recommendations, which are non-binding, as specified in Article IX of the Agreement",IOTC-2025-CoC22-11_Add4-IOTC Glossary,,,,,TRUE,TRUE,TRUE,TRUE,TRUE,TRUE,TRUE,TRUE,TRUE,TRUE,TRUE
IOTC observer,,An observer appointed pursuant to the IOTC Regional Observer Scheme under Resolution 11/04 and Resolution 19/06 and any superseding Resolution,IOTC-2025-CoC22-11_Add4-IOTC Glossary,,,,,TRUE,TRUE,TRUE,TRUE,TRUE,TRUE,TRUE,TRUE,TRUE,TRUE,TRUE
IOTC Record of Authorized vessels,RAV,"the list of vessels authorised to operate in the IOTC Area of Competence in a given time period, including fishing and non-fishing vessels of 24 m length overall and over",IOTC data reporting guidelines,,,,,TRUE,TRUE,TRUE,TRUE,TRUE,TRUE,TRUE,TRUE,TRUE,TRUE,TRUE
IOTC species*,,Any or all of the 16 tuna and tuna-like species listed in Annex B of the IOTC Agreement,IOTC data reporting guidelines,,,Definitions from IOTC materials reference an attached table with a list of the species. ,,TRUE,TRUE,TRUE,TRUE,TRUE,TRUE,TRUE,TRUE,TRUE,TRUE,TRUE
IOTC species of special interest,,"Species of Special Interest include all marine turtles, all marine mammals, all seabirds, shark species with a retention ban: whale sharks (Res 13/05), oceanic white tip sharks (Res 13/06) and thresher sharks (Res 12/09.); and billfish species included in Res 18/05: striped, black and blue marlin and Indo-Pacific sailfish (IOTC-2018-SC21-R[E])",Based on IOTC resolutions,,,,,TRUE,TRUE,TRUE,TRUE,TRUE,TRUE,TRUE,TRUE,TRUE,TRUE,TRUE
IOTC stocks,,The populations of the IOTC species which are located in the IOTC area of competence or migrate into or out of the area IOTC Agreement,Guidelines for the reporting of fishery statistics to the IOTC,,,,,TRUE,TRUE,TRUE,TRUE,TRUE,TRUE,TRUE,TRUE,TRUE,TRUE,TRUE
International Radio Call Sign,IRCS,A unique identification signal assigned to a vessel by its flag State administration for use in radio communications.,IMO terminology,,,to define,,TRUE,TRUE,TRUE,TRUE,TRUE,TRUE,,,,,
Isobath,,Contour line linking points of the same depth,IOTC science glossary,,,,,,,,,,,,,,,
Isotherm,,Contour line linking points of the same temperature.,IOTC science glossary,,,,,,,,,,,,,,,
Joint venture,,"Collaborative fishing operation, usually involving two companies from different countries",IOTC science glossary,,,,,,,,,,,,,,,
Key commercial species,,"A species that is, or has been, specifically targeted and is, or has been, a significant component of a fishery",IOTC science glossary,,,,,,,,,,,,,,,
Landing,,"All transfers of any quantity of fish onboard from a vessel to land, other than transshipment, including transfers of fish to a port facility, transfers of fish from one vessel to another through a port facility or other means of transportation, and transfers of fish from a vessel to a container, truck, train, aircraft",IOTC-2025-CoC22-11_Add4-IOTC Glossary,,,,,TRUE,TRUE,TRUE,TRUE,TRUE,TRUE,TRUE,TRUE,TRUE,TRUE,TRUE
Large-scale driftnets*,,Drift gillnets or other nets or a combination of nets that are more than 2.5 km in length whose purpose is to enmesh and entrap,data reporting guidelines,"Gillnets or other nets or a combination of nets that are more than 2.5 kilometers in length whose purpose is
to enmesh, entrap, or entangle fish by drifting on the surface of, or in, the water column.",IOTC science glossary,,,TRUE,TRUE,TRUE,TRUE,TRUE,TRUE,TRUE,TRUE,TRUE,TRUE,TRUE
Large-scale fishery,,"Fish is caught by vessels with a length overall of 24 m and above, and sold at landing sites, at markets, to processing factories",data reference catalogue fishery categories,,,,,TRUE,TRUE,TRUE,TRUE,TRUE,TRUE,TRUE,TRUE,TRUE,TRUE,TRUE
Latency,,"Fishing capacity that is authorised for use but not currently being used. Depending on how a fishery is managed, latency
might appear as latency in effort (e.g. unused vessels, gear, quota, permits or nights fishing) or latency in quota (e.g. where TACs
are not fully caught in a quota-managed fishery). It is a low-cost indicator of fishers' views about the profitability of a fishery.
High levels of latency can suggest that low profits in the fishery do not justify fishing. It is likely that fisheries in which latency
exists are close to the open-access equilibrium. Apart from being an indicator of efficiency, latency can also be detrimental to the
fish stock and to any chances the fishery may have of being profitable in the future. For example, a significant increase in the
market price of a fishery's product is likely to entice inactive effort into the fishery. Under input controlled fisheries, if enough
inactive effort is triggered, the fish stock could be jeopardised and/or profits dissipated as soon as they arise if the fishery is driven
to a point of open access equilibrium. In an output controlled fishery, this is less of a problem, providing that TACs are set in
accordance with regard to appropriate targets.",IOTC science glossary,,,,,,,,,,,,,,,
Lead line*,,A weighted line or rope attached to the lower edge of a fishing gear to provide sinking force and maintain the gear's position in the water.,Revised from Manual**,,,,,TRUE,TRUE,,,,,,,,,
Leader,,The line for attaching hook to the mainline in longlines. The term is often used in drift longlines for pelagic species such as tunas and swordfish,FAO terminology portal,,,,,TRUE,TRUE,TRUE,TRUE,TRUE,TRUE,,,,,
Length-frequency distribution; modal size,,"The number of individuals in a catch or catch sample in each group of lengths
(length intervals). The modal size is the length group into which most individuals fall. Some distributions may show several
modes, reflecting fish of different ages.",IOTC science glossary,,,,,,,,,,,,,,,
Length overall,LOA,The maximum length of a vessel measured in a straight line from the foremost point of the bow to the aftermost point of the stern.,FAO terminology portal,,,,,TRUE,TRUE,TRUE,TRUE,TRUE,TRUE,,,,,
Lift nets,,"A lift net is a horizontal netting panel or bag shaped like a parallelepiped, pyramid or cone with the opening facing upwards which are submerged at a certain depth, left for a while, the time necessary for light or bait to attract fish over the opening",data reference catalogue fishery categories,,,,,TRUE,TRUE,TRUE,TRUE,TRUE,TRUE,,,,,
Limited entry fishery,,"Fishery in which the fishing effort is controlled by restricting the number of operators. Usually requires
controlling the number and size of vessels, the transfer of fishing rights and the replacement of vessels (c.f. Open access fishery).",IOTC science glossary,,,,,,,,,,,,,,,
Limit reference point,LRP,"A Limit Reference Points indicates the limit beyond which the state of a fishery and / or a resource
is not considered desirable.",IOTC science glossary,,,,,,,,,,,,,,,
Line fishing,,"A general term used for a range of fishing methods that employ fishing lines in one form or another (as opposed to nets and traps). It includes handlines, hand reels, powered reels, pole-and-line, droplines, longlines, trotlines and troll lines",FAO terminology portal,,,,,TRUE,TRUE,TRUE,TRUE,TRUE,TRUE,,,,,
Line hauler (branchline),,"A branch line hauler/coiler winds branch lines into tight, uniform coils and assists in quickly recovering and packing branch lines for the next set.",FAO terminology portal,,,,,TRUE,TRUE,TRUE,TRUE,TRUE,TRUE,,,,,
Line setter*,,,,,,To define,missing reference,TRUE,TRUE,TRUE,TRUE,TRUE,TRUE,,,,,
Live weight equivalent,,Weight derived from the landed or product weight by the application of certain factors and designed to represent the actual weight of the fishery product as it was taken from the water and before being subjected to any processing or other operations,Eurostat,,,,,TRUE,TRUE,TRUE,TRUE,TRUE,TRUE,,,,,
logbook (fishing),,"Official record of catch and effort data made by fishers. In many fisheries, a licence condition makes the
return of logbooks mandatory",IOTC science glossary,,,,,,,,,,,,,,,
Longline,,A fishing gear in which short lines carrying hooks are attached to a longer main line at regular intervals. Longlines are laid on the bottom or suspended horizontally at a predetermined depth with the help of surface floats. The main lines can be as long as 150 km and have several thousand hooks (e.g. in tuna fisheries),FAO terminology portal,,,,,TRUE,TRUE,TRUE,TRUE,TRUE,TRUE,,TRUE,,,
Longline fisheries,,A fishery undertaken by vessels recorded in the IOTC Record of Authorised Vessels that use a longline gear ,data reporting guidelines,,,,,TRUE,TRUE,TRUE,TRUE,TRUE,TRUE,,TRUE,,,
Longline section*,,,reference,,,to define,,TRUE,TRUE,TRUE,TRUE,TRUE,TRUE,,TRUE,,,
Long-term potential yield,,"Estimate of the largest annual harvest that could be taken sustainably from a fish stock, allowing for
variable environmental conditions. May be estimated in various ways, from taking an average of a time series of historical catches
to using sophisticated mathematical models.",IOTC science glossary,,,,,,,,,,,,,,,
Lower-jaw fork length,,"Length of a fish measured as the distance between the tip of the lower jaw and the point of the fork or ""V"" of the tail. Commonly used to record the length of commercial fish with bills (e.g. swordfish) because it is little affected by damage to the tail fin (c.f. Total length) and bill. Fork length is measured flat, from point to point, not by stretching a tape along the body surface",IOTC glossary,"Length of a fish measured as the distance between the tip of the lower jaw and the point of the fork or
'V' of the tail. Commonly used to record the length of commercial fish with bills (e.g. swordfish) because it is little affected by
damage to the tail fin (c.f. Total length) and bill. Fork length is measured flat, from point to point, not by stretching a tape along
the body surface, which would result in a longer measurement for full-bodied fish like tuna.",IOTC science glossary,,,TRUE,TRUE,TRUE,TRUE,TRUE,TRUE,TRUE,TRUE,TRUE,TRUE,TRUE
M (natural mortality),,"Deaths of fish from all causes except fishing. Usually expressed as an instantaneous rate or as a
percentage of fish dying in a year. See also F (fishing mortality), Mortality.",IOTC science glossary,,,,,,,,,,,,,,,
Magnetic compass,,A navigational instrument that indicates a vessel's heading by aligning a magnetized needle or compass card with the Earth's magnetic field.,IMO terminology,,,,,TRUE,TRUE,,,,,,,,,
Mainline,,longline fishing gear consists of a mainline kept near the surface or at a particular depth by means of regularly spaced floats or weights. Branchlines with baited hooks are attached to the mainline at regular intervals,IOTC glossary,,,,,TRUE,TRUE,TRUE,TRUE,TRUE,TRUE,,,,,
Management objectives,," The social, economic, biological, ecosystem, and conservation goals specified for a given management
unit (e.g. stock).",IOTC science glossary,,,,,,,,,,,,,,,
Management options,, Alternative management procedures from which recommended management actions will be chosen.,IOTC science glossary,,,,,,,,,,,,,,,
Management procedures,,"A set of formal actions, usually consisting of data collection, stock assessment (or other indicators),
and harvest control rules, able to iteratively and adaptively provide robust decisions to manage a fishery.",IOTC science glossary,,,,,,,,,,,,,,,
Management strategy evaluation,MSE,"Procedure whereby alternative management procedures' performance are tested and
compared using stochastic simulations of stock and fishery dynamics against a set of management objectives.",IOTC science glossary,,,,,,,,,,,,,,,
Mate,,The mate is also a ticketed officer second in command to the Captain and is often in charge of the fishing operations on the deck,observer manual 2019,,,,,,TRUE,,,,,,,,,
Maximum economic yield,MEY,"The sustainable catch level for a commercial fishery that allows net economic returns to be
maximised. Note that for most practical discount rates and fishing costs, MEY will imply that the equilibrium stock of fish is
larger than that associated with MSY. In this sense, MEY is more environmentally conservative than MSY and should, in
principle, help protect the fishery from unfavourable environmental impacts that may diminish the fish population.",IOTC science glossary,,,,,,,,,,,,,,,
Maximum sustainable yield,MSY,"The maximum average annual catch that can be removed from a stock over an indefinite
period under prevailing environmental conditions. MSY defined in this way makes no allowance for environmental variability,
and studies have demonstrated that fishing at the level of MSY is often not sustainable (c.f. Long-term potential yield).",IOTC science glossary,,,,,,,,,,,,,,,
Medium-scale fisheries*,,"Fish is caught in areas beyond national jurisdiction (ABNJ) of the flag state, by vessels with a length overall less than 24 m, and sold at landing sites, at markets, to processing factories",fishery types code list,the medium scale fishery is generally understood to be a fishery undertaken by powered boats and with small or medium size capital,FAO terminology portal,need to pick one?,,TRUE,TRUE,TRUE,TRUE,TRUE,TRUE,,,,,
Meridians,,"Imaginary lines that run from the North Pole to the South Pole, connecting points of equal longitude and used to measure longitude east or west of the Prime Meridian",IHO terminology,,,,,TRUE,TRUE,,,,,,,,,
Medium Frequency Radio,MF radio,A radio communication system operating in the medium-frequency band (300 kHz-3 MHz) that provides medium-range voice and digital communications for maritime safety and operational purposes.,IMO terminology,,,,,TRUE,TRUE,,,,,,,,,
Migration,,"Non-random movement of individuals of a stock from one place to another, often in groups.",IOTC science glossary,,,,,,,,,,,,,,,
Minimum size,,"Size below which a captured animal may not legally be retained. Usually specified by species. May be varied as a
management tool.",IOTC science glossary,,,,,,,,,,,,,,,
Minor line,,"Refer to several line-fishing methods, including trolling or fishing using a rod and reel, handline, or pole-and-line.",IOTC science glossary,,,,,,,,,,,,,,,
Mode; modal size,,See Length-frequency distribution.,IOTC science glossary,,,,,,,,,,,,,,,
Model (population),,"Hypothesis of how a population functions; often uses mathematical descriptions of growth, recruitment and
Mortality.",IOTC science glossary,,,,,,,,,,,,,,,
Monsoon,,"Seasonal reversal in the prevailing wind direction and weather. A warm air mass with low pressure at the surface forms over the continent as it is warmed by the sun. Air from the relatively cooler and higher pressure air mass over the ocean then flows toward the low pressure over land. In winter this process is reversed as the air over the land becomes cooler, developing into a high pressure and winds blow off-shore towards the low pressure caused by the relatively warmer ocean. These conditions also influence the strength and direction of coastal currents",Based on WMO terminology,,,,,,TRUE,,,,,,,,,
Mortality,,Deaths from all causes (usually expressed as a rate or as the proportion of the stock dying each year).,IOTC science glossary,,,,,,,,,,,,,,,
MULTIFAN-CL,,"A length-based, age-structured model for stock assessment of fisheries.",IOTC science glossary,,,,,,,,,,,,,,,
Multiple random sampling*,,,reference,,,,,TRUE,TRUE,TRUE,TRUE,TRUE,TRUE,TRUE,TRUE,TRUE,TRUE,TRUE
National jurisdiction areas,,Maritime areas over which a coastal State exercises sovereignty or sovereign rights and jurisdiction in accordance with international law.,UN definition (UNCLOS),,,,,TRUE,TRUE,TRUE,TRUE,TRUE,TRUE,TRUE,TRUE,TRUE,TRUE,TRUE
National jurisdiction areas and beyond,,"Maritime areas that are either under the sovereignty or jurisdiction of a coastal State, or outside the jurisdiction of any State, as defined under international law.",UN definition (UNCLOS),,,,,TRUE,TRUE,TRUE,TRUE,TRUE,TRUE,TRUE,TRUE,TRUE,TRUE,TRUE
Nautical twilight,,"The period when the centre of the Sun is between 6° and 12° below the horizon, during which the horizon is still visible at sea and stars suitable for celestial navigation become visible.",NOAA,,,,,TRUE,TRUE,TRUE,TRUE,TRUE,TRUE,,,,,
NAVTEX,,"An automated maritime information service that broadcasts navigational and meteorological warnings, forecasts, and urgent safety information to ships using narrow-band direct-printing radio communication",IMO terminology,,,,,TRUE,TRUE,TRUE,TRUE,TRUE,TRUE,,,,,
Net drum hauler*,,,,,,,missing reference,TRUE,TRUE,TRUE,TRUE,TRUE,TRUE,,,,,
Net tonnage,,Dimensionless measure of the useful capacity of a ship,Thermes et al. 2023 (https://www.fao.org/fishery/en/publications/278529),,,,,TRUE,TRUE,TRUE,TRUE,TRUE,TRUE,,,,,
Nominal catches,,"officially declared aquatic organisms captured during fisheries and expressed as live weight equivalent. Nominal catches do not include unreported catches, such as unreported discards",Eurostat (https://ec.europa.eu/eurostat/statistics-explained/index.php?title=Glossary:Nominal_catch),,,,,TRUE,TRUE,TRUE,TRUE,TRUE,TRUE,,,,,
Non-target species,,species for which the fishing gear is not specifically deployed or set,FAO terminology portal,,,,,TRUE,TRUE,TRUE,TRUE,TRUE,TRUE,,,,,
Observer,,"means a person who collects information on board fishing vessels, in the framework of observer programs, and can be used inter alia for monitoring fishing activities, quantifying species composition of target species and bycatch",Resolution 25/06,,,,,TRUE,TRUE,TRUE,TRUE,TRUE,TRUE,,,,,
Offal,,the viscera and trimmings of a butchered animal removed in preparing it for market or for consumption,Webster dictionary definition,,,,,TRUE,TRUE,TRUE,TRUE,TRUE,TRUE,,,,,
Onboard interface/screen*,,"An on-board screen, or equivalent interface, to allow verification by the Master/crew of the correct functioning of the system is required (OR) The onboard interface shall include an on- board screen, or equivalent interface, to allow verification by the skipper/crew on correct functioning of EM equipment.",EM workshop standards,,,,not really a definition. More applied,TRUE,TRUE,TRUE,TRUE,TRUE,TRUE,,,,,
Operational buoy,,"any instrumented buoy, previously activated, switched on and deployed at sea on a drifting FAD or log",(Res. [19/02](https://iotc.org/cmm/resolution-1902-procedures-fish-aggregating-devices-fads-management-plan)),,,,,TRUE,TRUE,TRUE,TRUE,TRUE,TRUE,,,,,
Pelagic,,inhabiting surface waters rather than the sea floor. Usually applied to free-swimming species such as tunas and sharks,data reporting guidelines,"Relating to, living or occurring in the open sea.",FAO terminology portal,,,TRUE,TRUE,TRUE,TRUE,TRUE,TRUE,TRUE,TRUE,TRUE,TRUE,TRUE
Pole-and-line fishing,,"a fishing technique in which surface schooling fish are attracted to the vessel and driven into very active feeding behaviour by throwing live or dead bait into the water and spraying water onto the sea surface to simulate the escape behaviour of small preys. The fish lured with a line and a hook attached to a pole and pulled off the water by manual or powered devices,Pole-and-line fishing",([FAO fishery glossary](https://www.fao.org/faoterm/en/)),,,,,TRUE,TRUE,TRUE,TRUE,TRUE,TRUE,,,,TRUE,
Pole-and-lines,,"consists of a hooked line attached to a pole. This method is common to sport fisheries (angling) but it is also used in commercial fisheries. Fishing rods/poles are made of wood (including bamboo, also constructed of split cane) and increasingly of fiberglass",IOTC data catalogue fishery categories,,,,,TRUE,TRUE,TRUE,TRUE,TRUE,TRUE,,,,TRUE,
Pool of observers,,means a list of IOTC recognised observers that have been allocated an IOTC registration number and trained according to IOTC standards who may be called upon by other flag States,IOTC Resolution 25/06,,,,,TRUE,TRUE,TRUE,TRUE,TRUE,TRUE,TRUE,TRUE,TRUE,TRUE,TRUE
Port,,"A place on the coast or shore where vessels can enter, anchor, load, unload cargo or catch, receive services, and carry out other maritime activities",IMO term,,,,,TRUE,TRUE,,,,,,,,,
Port of registration,,The port recorded in a vessel's registration documents as the official port associated with the vessel's registration under its flag State,IMO term,,,,,TRUE,TRUE,,,,,,,,,
Power block,,"A mechanized pulley used to haul in nets, purse seine, etc.",FAO terminology ,,,,,TRUE,TRUE,,,,,,,,,
Purse line*,,,,,,,,TRUE,TRUE,,,,,,,TRUE,,
Purse seine,,"nets characterized by the use of a purse line at the bottom of the net. The purse line enables the net to be closed like a purse and thus retain all the fish caught. The purse seines, which may be very large, are operated by one or two boats. The most usual case is a purse seine operated by a single boat",FAO terminology portal,,,,,TRUE,TRUE,TRUE,TRUE,TRUE,TRUE,,,TRUE,,
Purse seine bunt*,,,,,,to define,,TRUE,TRUE,TRUE,TRUE,TRUE,TRUE,,,TRUE,,
Purse seine tackle*,,,,,,,,TRUE,TRUE,,,,,,,TRUE,,
Purse seining,,"harvesting of surface-schooling pelagic fish by surrounding the school with a net. A line that passes through rings on the bottom of the net can be tightened to close the net so that the fish cannot escape,Purse seining",IOTC glossary,,,,,TRUE,TRUE,TRUE,TRUE,TRUE,TRUE,,,TRUE,,
Radar,,short for radio detection and ranging. A system of detecting and locating targets which are capable of reflecting high frequency radio waves ,FAO terminology portal,,,,,TRUE,TRUE,TRUE,TRUE,TRUE,TRUE,TRUE,,,,
Retained catches,,estimated component of the catch which is retained on board during a fishing trip,([CWP](https://www.fao.org/cwp-on-fishery-statistics/handbook/capture-fisheries-statistics/catch-and-landings/en/)),,,,,TRUE,TRUE,TRUE,TRUE,TRUE,TRUE,TRUE,TRUE,TRUE,TRUE,TRUE
Review for data quality,,"the verification process of re- analysing/interpreting a portion of previously analysed EM records to determine completeness, adherence to protocols",EM workshop-WCPFC term,,,,,TRUE,TRUE,TRUE,TRUE,TRUE,TRUE,TRUE,,,,
Ring nets,,"a ring net is a net the form of which is intermediate hybrid between a purse seine and a lamapara net: like on a purse seine, rings at the lower edge of the net, allow using a purse line to close it under the fish (pursing) and like on a lampara net",gear code lists,,,,,TRUE,TRUE,TRUE,TRUE,TRUE,TRUE,,,,,
Round weight,,weight of the whole fish before processing or removal of any part,([FAO fishery glossary](https://www.fao.org/faoterm/en/)),,,,,TRUE,TRUE,TRUE,TRUE,TRUE,TRUE,,,,,
Rudder,,A movable vertical control surface fitted at the stern of a vessel that is used to steer the vessel by changing the direction of water flow passing around it.,IMO terminology,,,,,,TRUE,,,,,,,,,
Search and Rescue Transponder,SART,"A radar transponder carried by survival craft or vessels that responds to search radar signals by transmitting a series of pulses, allowing rescuers to locate survivors during search and rescue operations.",IMO terminology,"These devices may be either a radar-SART (Search and Rescue Transponder), or an AIS-SART (AIS Search and Rescue Transmitter) are used to locate survival craft or distressed vessels by creating a series of dots on a rescuing ship's 3 cm radar display",observer manual 2019,,,TRUE,TRUE,TRUE,TRUE,TRUE,TRUE,,,,,
Scupper,,"An opening, drain, or passage through a vessel's bulwark, deck, or side that allows water accumulated on deck to drain overboard.",IACS term,,,,,,TRUE,,,,,,,,,
Semi-industrial fishery,,"Fishery that (i) catches fish from medium- (and/or small-) sized vessels fitted out with mechanised methods of operating the fishing gear, (ii) process the catch in land bases, and (iii) distributed the fish and fish products around a limited area, and in exceptional cases only for export. These activities are aimed at the financial benefit of the companies or organisations operating the fishing vessels, processing plants",Thermes et al. 2023 (https://www.fao.org/fishery/en/publications/278529),,,,,TRUE,TRUE,TRUE,TRUE,TRUE,TRUE,TRUE,TRUE,TRUE,TRUE,TRUE
Semi-industrial fishing vessel,,"medium-sized vessel, typically of 12 m in length but less than 24 m in length, engaged in catching operations",Thermes et al. 2023 (https://www.fao.org/fishery/en/publications/278529),commercial fishing vessel of length overall comprised between 15 and 24 m and exclusively operating in the exclusive economic zone of the flag state,([IOTC-2023-WPDCS19-07_Rev1](https://iotc.org/documents/WPDCS/19/07)),,,TRUE,TRUE,TRUE,TRUE,TRUE,TRUE,TRUE,TRUE,TRUE,TRUE,TRUE
Sensors ,,"EM systems may be equipped with a variety of integrated sensors that can provide additional information on fishing activity, trigger activation or adjustment of configurations of cameras",EM workshop,,,,,TRUE,TRUE,TRUE,TRUE,TRUE,TRUE,TRUE,,,,
Set gillnets,,"a set gillnet is a long rectangular netting anchored or otherwise fixed to the seabed to catch fish when they come in contact with it. The set gillnet is held open vertically in the water by a headrope usually with floats, and by a footrope weighted with sinkers. Floatation and weight may be built into ropes, which are usually called floatrope and leadrope respectively. The net is kept in position by anchors or other weights, usually at both ends",IOTC reference fish categories,,,,,TRUE,TRUE,TRUE,TRUE,TRUE,TRUE,,,,,TRUE
Set longline,,A longline gear that is anchored or otherwise fixed to the seabed at either end of the mainline.,FAO terminology portal,,,,,TRUE,TRUE,TRUE,TRUE,TRUE,TRUE,,TRUE,,,
Shallow setting*,,the gear is deployed at a shallow depth,gear configuration code lists,,,,,TRUE,TRUE,TRUE,TRUE,TRUE,TRUE,,,,,
Shark line,,"A section of fishing line made from material resistant to shark bites, such as wire or other strong materials, used to reduce the likelihood of sharks biting through the lin",,,,To check with Lauren/Cynthia,,TRUE,TRUE,TRUE,TRUE,TRUE,TRUE,TRUE,TRUE,TRUE,TRUE,TRUE
Sinker,,a weight used to sink a fishing line or net,FAO terminology portal,,,,,TRUE,TRUE,TRUE,TRUE,TRUE,TRUE,,,,,
Size frequency,,the number of individuals in a catch or catch sample in each group of sizes (size intervals),IOTC data reporting guidelines,,,,,TRUE,TRUE,TRUE,TRUE,TRUE,TRUE,TRUE,TRUE,TRUE,TRUE,TRUE
Skiff*,,,,,,,,,TRUE,,,,,,,,,
Small-scale fishery*,,"Fishery characterised in most cases by fishing vessels with non-mechanized propulsion systems (sails and oars) or low-horsepower outboard or inboard engines, use of passive fishing methods, manual operation of fishing gear (setting, shooting and hauling) and the absence of electronic fish-finding and navigational devices ([Tietze et al. 2000](https://www.fao.org/3/x8294e/X8294E00.htm)). From a socio-economic perspective, small-scale fisheries can be broadly categorised as a dynamic and evolving sector employing labour intensive harvesting, processing and distribution technologies to exploit marine and inland water fishery resources. The activities of this sub-sector, conducted full-time or part-time, or just seasonally, are often targeted on supplying fish and fishery products to local and domestic markets",IOTC data reporting guidelines,,,I think we need a more relevant definition,,TRUE,TRUE,TRUE,TRUE,TRUE,TRUE,,TRUE,TRUE,TRUE,TRUE
Sonar,,"an apparatus that uses sound waves to detect objects underwater by measuring or classifying the echoes received from them. An echo sounder is a sonar that transmits vertically. In practice, a sonar is an apparatus other than an echo sounder, i.e.",FAO terminology portal,,,,,TRUE,TRUE,TRUE,TRUE,TRUE,TRUE,,,,,
Species of special interest,,"Species of Special Interest include all marine turtles, all marine mammals, all seabirds, shark species with a retention ban: whale sharks (Res 13/05), oceanic white tip sharks (Res 13/06) and thresher sharks (Res 12/09.); and billfish species included in Res 18/05: striped",Adapted from IOTC resolutions,,,,,TRUE,TRUE,TRUE,TRUE,TRUE,TRUE,TRUE,TRUE,TRUE,TRUE,TRUE
Standard length,,The length of fish measured in a straight line from the tip of the snout to the end of the caudal skeleton,FAO terminology portal,,,,,TRUE,TRUE,TRUE,TRUE,TRUE,TRUE,TRUE,TRUE,TRUE,TRUE,TRUE
Starboard,,The right-hand side of a vessel when facing forward (towards the bow).,IMO terminology,,,,,,TRUE,,,,,,,,,
Stow nets,,"A stow net is a stationary gear made from netting, usually in the form of a cone or pyramid. Stow nets can be fixed for a long time at the same place in rows. These nets are fixed by means of anchors or stakes, placed according to the direction and strength of the current. The mouths are sometimes held open by a frame",IOTC Reference Data Catalogue ,,,,,TRUE,TRUE,TRUE,TRUE,TRUE,TRUE,,,,,
Stratified sampling,,"A sampling method in which the population or catch is divided into predefined, mutually exclusive strata, from each of which samples are selected separately",,,,,"Code list ""Biological Sampling Method""",TRUE,TRUE,TRUE,TRUE,TRUE,TRUE,TRUE,TRUE,TRUE,TRUE,TRUE
Streamer lines,,"Lines fitted with streamers that are towed from a fishing vessel to deter seabirds from approaching baited hooks or fishing gear and reduce seabird interactions. Synonym to ""Tori lines""",IOTC,,,,,TRUE,TRUE,TRUE,TRUE,TRUE,TRUE,,TRUE,,,
Subsistence fishery,,"Fish is caught in national jurisdiction areas (NJA) of the flag state, by vessels with a length overall of less than 15 m",IOTC Reference Data Catalogue ,,,,,TRUE,TRUE,TRUE,TRUE,TRUE,TRUE,,,,,
Sub-surface setting,,The gear is deployed beyond the surface of the water,IOTC Reference Data Catalogue ,,,need to define what is meant by surface,,TRUE,TRUE,TRUE,TRUE,TRUE,TRUE,TRUE,TRUE,TRUE,TRUE,TRUE
Superstructure,,A decked structure on the upper part of a vessel that extends above the main deck and is enclosed by side plating or bulkheads.,IMO term,,,,,,TRUE,,,,,,,,,
Supply vessel,,"Any vessel used, equipped to be used or intended to be used for purse seine fishing related activities, including any vessel, other than a craft, carried on board a fishing vessel that is not equipped with operational fishing gear and that facilitates. Synonym to ""Support vessel""",IOTC-2025-CoC22-11_Add4-IOTC Glossary,"Non-fishing vessel supporting fishing operations and in particular assisting purse seine fishing vessels in the location of tuna schools and in the the deployment, monitoring and retrieving of buoys and drifting fish aggregating devices. Synonym to supply vessel",IOTC data reporting guidelines,,,TRUE,TRUE,TRUE,TRUE,TRUE,TRUE,,,TRUE,,
Support vessel,,"Any vessel used, equipped to be used or intended to be used for purse seine fishing related activities, including any vessel, other than a craft, carried on board a fishing vessel that is not equipped with operational fishing gear and that facilitates. Synonym to ""Supply vessel""",IOTC-2025-CoC22-11_Add4-IOTC Glossary,Fishing support vessels receive the catch of fishing vessels and supply vessels that bring fuel and provisions to fishing vessels,FAO terminology portal,,,TRUE,TRUE,TRUE,TRUE,TRUE,TRUE,,,TRUE,,
Surface fishery,,"All fisheries operated by vessels in the IOTC Record of Authorized Vessels other than longline fisheries; in particular purse seine, pole-and-line, gillnet fisheries",IOTC Reference Data Catalogue ,0,(Res. [15/02](https://www.iotc.org/cmm/resolution-1502-mandatory-statistical-reporting-requirements-iotc-contracting-parties-and)),,,TRUE,TRUE,TRUE,TRUE,TRUE,TRUE,,,TRUE,TRUE,
Systematic proportional sampling,,"Individuals are selected systematically, with sample sizes proportional to the abundance of species or catch components in the catch",IOTC Reference Data Catalogue ,,,,"Code list ""Biological Sampling Method""",TRUE,TRUE,TRUE,TRUE,TRUE,TRUE,TRUE,TRUE,TRUE,TRUE,TRUE
Target species,,Species that are primarily sought in a particular fishery and are the subject of directed fishing effort. There may be primary and secondary target species,FAO terminology portal,,,,,TRUE,TRUE,TRUE,TRUE,TRUE,TRUE,TRUE,TRUE,TRUE,TRUE,TRUE
Tonnage,,A measure of the size or capacity of a ship,Thermes et al. 2023 (https://www.fao.org/fishery/en/publications/278529),,,,,TRUE,TRUE,TRUE,TRUE,TRUE,TRUE,,,,,
Tori lines,,"Lines fitted with streamers that are towed from a fishing vessel to deter seabirds from approaching baited hooks or fishing gear and reduce seabird interactions. Synonym to ""Streamer lines""",IOTC,,,,,TRUE,TRUE,TRUE,TRUE,TRUE,TRUE,,TRUE,,,
Track plotter,,"A device or software tool used to display, record, or plot the movement of a vessel over time, based on its geographical positions",IOTC,,,,,TRUE,TRUE,TRUE,TRUE,TRUE,TRUE,,,,,
Trawl,,"A trawl is a cone-shaped net (made from two, four or more panels) which is towed, by one or two boats, on the bottom or in midwater (pelagic). The cone-shaped body ends in a bag or coded. The horizontal opening of the gear while it is towed is maintained by beams, otter boards or by the distance between the two towing vessels (pair trawling). Floats and weights and/or hydrodynamic devices provide for the vertical opening. Two parallel trawls might be rigged between two otter boards (twin trawls). The mesh size in the codend or special designed devices is used to regulate the size and species to be captured",IOTC Reference Data Catalogue ,,,,,TRUE,TRUE,TRUE,TRUE,TRUE,TRUE,,,,,
Trolling line,,"A trolling line consists of a line with natural or artificial baited hooks and is trailed by a vessel near the surface or at a certain depth. Several lines are often towed at the same time, by using outriggers to keep the lines away from the wake of the vessel. The line are hauled by hand or with small winches. A piece of rubber is often included in each line as a shock absorber",IOTC Reference Data Catalogue ,A line with one or more baited hooks (or lures) towed behind a boat,FAO terminology portal,,,TRUE,TRUE,TRUE,TRUE,TRUE,TRUE,,,,,
Unfit for human consumption,,"Fish that are not suitable for human consumption because they have been meshed or crushed in the purse seine, damaged due to depredation, or have died and spoiled in the net following a gear failure that prevents normal retrieval of the net and catch and efforts to release the fish alive. This does not include fish considered undesirable in terms of size, marketability, or species composition, or fish spoiled or contaminated as a result of an act or omission of the fishing vessel crew",IOTC,,,,,TRUE,TRUE,TRUE,TRUE,TRUE,TRUE,,,,,
Uninterruptable power supply,UPS,Provides power to the system and enables controlled shutdown in the event of a power loss so as to preserve the security and integrity of data 1,EM workshop-WCPFC term only,,,,,TRUE,TRUE,TRUE,TRUE,TRUE,TRUE,,,,,
Upper-jaw fork length,FL,Straight distance between the tip of the upper jaw and the fork of the tail,IOTC Reference Data Catalogue ,,,,,TRUE,TRUE,TRUE,TRUE,TRUE,TRUE,TRUE,TRUE,TRUE,TRUE,TRUE
Electronic monitoring user interface,,A display that communicates electronic monitoring system status messages and provides views of onboard cameras,EM workshop-WCPFC term only,,,,,TRUE,TRUE,TRUE,TRUE,TRUE,TRUE,,,,,
Vertical lines,,A vertical line consists of a line to which is attached sinker and one or several hooks. In commercial fisheries the lines have usually several hooks. The additional hooks can be fixed on the mainline at short intervals with branch lines of a certain length. The line weighed down by sinkers can be set up to 200 m depth and is hauled with jerky movements,IOTC Reference Data Catalogue ,,,,,TRUE,TRUE,TRUE,TRUE,TRUE,TRUE,,,,,
Vessel name,,The name by which a vessel is officially registered or identified by the relevant authority,"Adapted from FAO, Manual on sample-based data collection for fisheries assessment",,,,,TRUE,TRUE,,,,,TRUE,,,,
Vessel monitoring plan,,The vessel's Electronic Monitoring (EM) equipment characteristics and how the vessel's EM equipment is installed and configured to monitor fishing activities and meet the EM Programme and EM Data Standards as required by the IOTC Regional Electronic Monitoring,EM workshop,,,,,TRUE,TRUE,TRUE,TRUE,TRUE,TRUE,TRUE,,,,
Vessel monitoring system,,A secure satellite-based monitoring system capable of transmitting the position and identity of vessels to the competent authorities,IOTC-2025-CoC22-11_Add4-IOTC Glossary,,,,,TRUE,TRUE,TRUE,TRUE,TRUE,TRUE,TRUE,,,,
Vessel operator,,"Any person who is in charge of, directs or controls a vessel",EM workshop-WCFPC term only,,,,,TRUE,TRUE,TRUE,TRUE,TRUE,TRUE,TRUE,,,,
Vessel registration number,,"A unique identifier assigned to a vessel by the authority with which the vessel is registered, used to identify the vessel within the relevant vessel registration system or registry ","FAO, Manual on sample-based data collection for fisheries assessment, Section 5.8.9 ""Form 8: Vessel Registration",,,,,,,,,,,,,,,
Very high frequency radios,VHF,"A marine radio communication system that operates in the very high frequency band (30-300 MHz), commonly used for short-range voice communication between vessels, shore stations, and maritime safety services",IMO terminology,,,,,TRUE,TRUE,TRUE,TRUE,TRUE,TRUE,TRUE,,,,
Vessel Monitoring System,VMS,A satellite-based monitoring system which at regular intervals provides data to fisheries authorities on the location,FAO terminology portal,,,,,TRUE,TRUE,TRUE,TRUE,TRUE,TRUE,TRUE,,,,
Winch (and seine arrow),,"A powerful machine with one or more drums on which to coil a rope, cable, or chain for hauling or hoisting",Webster dictionary definition,,,,,TRUE,TRUE,,,,,,,TRUE,,
Expendable Bathythermograph,XBT,"A small, single-use probe dropped from a moving ship to measure ocean temperature down the water column",,,,,,TRUE,TRUE,TRUE,TRUE,TRUE,TRUE,TRUE,,,,
